"","pair_id","direction","support","preference","Interaction_Estimate"
"28","Arctictis_binturong_&_Cuon_alpinus","bottom-up","Supported","community",0.29071175236908
"110","Arctictis_binturong_&_Neofelis_genus","bottom-up","Supported","preferred",0.209374141060515
"1","Arctictis_binturong_&_Panthera_pardus","no_association","unsupported","preferred",0.00496512882182948
"175","Arctictis_binturong_&_Panthera_tigris","bottom-up","Supported","community",0.391952274765143
"5","Arctonyx_collaris_&_Cuon_alpinus","top-down","Supported","community",-0.315850200957178
"111","Arctonyx_collaris_&_Neofelis_genus","bottom-up","Supported","preferred",0.520043654037699
"11","Arctonyx_collaris_&_Panthera_pardus","no_association","unsupported","preferred",0.096628981972401
"12","Arctonyx_collaris_&_Panthera_tigris","no_association","unsupported","community",-0.0807770993980938
"13","Argusianus_argus_&_Neofelis_genus","no_association","unsupported","community",0.546389626724123
"14","Argusianus_argus_&_Panthera_pardus","no_association","unsupported","community",0.800258869372193
"15","Argusianus_argus_&_Panthera_tigris","no_association","unsupported","community",-0.398680681275417
"16","Atherurus_macrourus_&_Cuon_alpinus","no_association","unsupported","community",0.246323934073934
"113","Atherurus_macrourus_&_Neofelis_genus","bottom-up","Supported","community",0.215619664201197
"152","Atherurus_macrourus_&_Panthera_pardus","bottom-up","Supported","community",0.23987632830587
"151","Atherurus_macrourus_&_Panthera_tigris","top-down","Supported","community",-0.418102728271759
"17","Bos_gaurus_&_Cuon_alpinus","no_association","unsupported","community",0.312052911499016
"18","Bos_gaurus_&_Neofelis_genus","no_association","unsupported","community",-0.0246213890064104
"153","Bos_gaurus_&_Panthera_pardus","bottom-up","Supported","community",1.71321190878049
"19","Bos_gaurus_&_Panthera_tigris","no_association","unsupported","preferred",-0.011555599871014
"112","Capricornis_genus_&_Cuon_alpinus","no_association","unsupported","preferred",0.159672779994829
"115","Capricornis_genus_&_Neofelis_genus","bottom-up","Supported","preferred",0.186185541118678
"114","Capricornis_genus_&_Panthera_pardus","no_association","unsupported","community",-0.522222716522366
"116","Capricornis_genus_&_Panthera_tigris","no_association","unsupported","preferred",-0.175697380330798
"241","Catopuma_temminckii_&_Cuon_alpinus","top-down","Supported","community",-0.467939962696032
"117","Catopuma_temminckii_&_Neofelis_genus","no_association","unsupported","community",-0.0301723971705983
"261","Catopuma_temminckii_&_Panthera_pardus","top-down","Supported","community",-0.416443744207962
"118","Catopuma_temminckii_&_Panthera_tigris","no_association","unsupported","community",0.359469295909373
"58","Cuon_alpinus_&_Helarctos_malayanus","top-down","Supported","community",-0.481307768838103
"119","Cuon_alpinus_&_Hystrix_brachyura","no_association","unsupported","community",0.561016098682625
"35","Cuon_alpinus_&_Lophura_diardi","bottom-up","Supported","community",0.0323961709887391
"120","Cuon_alpinus_&_Lophura_ignita","no_association","unsupported","community",0.389459488461016
"121","Cuon_alpinus_&_Lophura_nycthemera","no_association","unsupported","community",0.771796273330015
"122","Cuon_alpinus_&_Macaca_arctoides","no_association","unsupported","community",0.191791951547433
"90","Cuon_alpinus_&_Macaca_fascicularis","top-down","Supported","community",-1.78564614613874
"123","Cuon_alpinus_&_Macaca_nemestrina","no_association","unsupported","community",0.243729252756637
"124","Cuon_alpinus_&_Martes_flavigula","no_association","unsupported","community",0.548507434648282
"125","Cuon_alpinus_&_Muntiacus_genus","no_association","unsupported","preferred",0.310295396968081
"126","Cuon_alpinus_&_Neofelis_genus","no_association","unsupported","community",0.172121017659474
"127","Cuon_alpinus_&_Paguma_larvata","no_association","unsupported","community",0.00216975154096745
"128","Cuon_alpinus_&_Panthera_pardus","no_association","unsupported","community",1.04136838173727
"129","Cuon_alpinus_&_Panthera_tigris","no_association","unsupported","community",0.225069803974253
"47","Cuon_alpinus_&_Paradoxurus_hermaphroditus","bottom-up","Supported","community",0.104478147195501
"48","Cuon_alpinus_&_Rusa_unicolor","bottom-up","Supported","preferred",0.119228415336999
"130","Cuon_alpinus_&_Sus_scrofa","no_association","unsupported","preferred",0.280109287622877
"131","Cuon_alpinus_&_Tapirus_indicus","no_association","unsupported","community",0.09186556832407
"132","Cuon_alpinus_&_Tragulus_genus","no_association","unsupported","community",-0.174355549380649
"133","Cuon_alpinus_&_Trichys_fasciculata","no_association","unsupported","community",0.579062949567948
"134","Cuon_alpinus_&_Ursus_thibetanus","no_association","unsupported","community",0.148051751267538
"135","Cuon_alpinus_&_Viverra_megaspila","no_association","unsupported","community",0.894568138073767
"55","Cuon_alpinus_&_Viverra_zibetha","bottom-up","Supported","community",0.143371166673833
"136","Cuon_alpinus_&_Viverricula_indica","no_association","unsupported","community",0.519868883970598
"137","Diplogale_hosei_&_Neofelis_genus","no_association","unsupported","community",0.489653578221454
"138","Helarctos_malayanus_&_Neofelis_genus","no_association","unsupported","community",0.33284868648673
"139","Helarctos_malayanus_&_Panthera_pardus","no_association","unsupported","community",0.607250030294909
"140","Helarctos_malayanus_&_Panthera_tigris","no_association","unsupported","preferred",0.155643781711841
"141","Hemigalus_derbyanus_&_Neofelis_genus","no_association","unsupported","community",0.743259395007764
"142","Hemigalus_derbyanus_&_Panthera_pardus","no_association","unsupported","community",0.220029496218249
"143","Hemigalus_derbyanus_&_Panthera_tigris","no_association","unsupported","community",0.522433403129353
"1181","Herpestes_brachyurus_&_Neofelis_genus","bottom-up","Supported","community",0.441730043761827
"144","Herpestes_brachyurus_&_Panthera_pardus","no_association","unsupported","community",0.507707349846857
"145","Herpestes_brachyurus_&_Panthera_tigris","no_association","unsupported","community",-0.575188270279131
"146","Cuon_alpinus_&_Herpestes_urva","no_association","unsupported","community",0.945392303241212
"147","Herpestes_urva_&_Neofelis_genus","no_association","unsupported","community",1.23259870307263
"148","Herpestes_urva_&_Panthera_pardus","no_association","unsupported","community",-0.052405720969393
"149","Herpestes_urva_&_Panthera_tigris","no_association","unsupported","community",-0.104144504262983
"150","Hystrix_brachyura_&_Neofelis_genus","no_association","unsupported","preferred",0.566762522581417
"154","Hystrix_brachyura_&_Panthera_pardus","no_association","unsupported","community",0.115713155019907
"155","Hystrix_brachyura_&_Panthera_tigris","no_association","unsupported","community",0.408811697489471
"156","Hystrix_crassispinis_&_Neofelis_genus","no_association","unsupported","community",0.156842329424879
"1211","Lophura_bulweri_&_Neofelis_genus","bottom-up","Supported","community",0.163022823946722
"157","Lophura_diardi_&_Neofelis_genus","no_association","unsupported","community",-0.193455135534312
"158","Lophura_diardi_&_Panthera_tigris","no_association","unsupported","community",-0.145577265839909
"159","Lophura_ignita_&_Neofelis_genus","no_association","unsupported","community",0.427928632119199
"160","Lophura_nycthemera_&_Neofelis_genus","no_association","unsupported","community",1.043373160521
"85","Lophura_nycthemera_&_Panthera_tigris","top-down","Supported","community",-0.401243966737504
"161","Macaca_arctoides_&_Neofelis_genus","no_association","unsupported","preferred",0.126631591396039
"162","Macaca_arctoides_&_Panthera_pardus","no_association","unsupported","preferred",0.15203741143086
"187","Macaca_arctoides_&_Panthera_tigris","bottom-up","Supported","community",0.597707139799848
"163","Macaca_fascicularis_&_Neofelis_genus","no_association","unsupported","community",-0.0618353884764398
"164","Macaca_fascicularis_&_Panthera_pardus","no_association","unsupported","preferred",-0.463563395168224
"165","Macaca_fascicularis_&_Panthera_tigris","no_association","unsupported","community",0.015785331665683
"166","Macaca_nemestrina_&_Neofelis_genus","no_association","unsupported","preferred",-0.0147042104564192
"96","Macaca_nemestrina_&_Panthera_pardus","top-down","Supported","preferred",-0.504225954673132
"97","Macaca_nemestrina_&_Panthera_tigris","top-down","Supported","community",-0.0822276158286042
"167","Cuon_alpinus_&_Manis_javanica","no_association","unsupported","community",-0.462621513953441
"168","Manis_javanica_&_Neofelis_genus","no_association","unsupported","community",-0.242267272829284
"169","Manis_javanica_&_Panthera_pardus","no_association","unsupported","community",-0.440057347873847
"101","Manis_javanica_&_Panthera_tigris","top-down","Supported","community",-0.592689962353573
"170","Martes_flavigula_&_Neofelis_genus","no_association","unsupported","community",0.54055484685884
"171","Martes_flavigula_&_Panthera_pardus","no_association","unsupported","community",0.464578219852035
"172","Martes_flavigula_&_Panthera_tigris","no_association","unsupported","community",0.174083406498167
"1291","Muntiacus_genus_&_Neofelis_genus","bottom-up","Supported","preferred",0.101251004958952
"1631","Muntiacus_genus_&_Panthera_pardus","bottom-up","Supported","preferred",0.538885491965668
"109","Muntiacus_genus_&_Panthera_tigris","top-down","Supported","preferred",-0.167512909650473
"1301","Neofelis_genus_&_Paguma_larvata","bottom-up","Supported","community",0.291519910050813
"173","Neofelis_genus_&_Panthera_pardus","no_association","unsupported","community",0.673976264247522
"1321","Neofelis_genus_&_Panthera_tigris","top-down","Supported","community",-0.17550005995873
"174","Neofelis_genus_&_Paradoxurus_hermaphroditus","no_association","unsupported","community",0.467939370753307
"176","Neofelis_genus_&_Rusa_unicolor","no_association","unsupported","preferred",0.31375533943509
"177","Neofelis_genus_&_Sus_barbatus","no_association","unsupported","preferred",0.0403751651591291
"1361","Neofelis_genus_&_Sus_scrofa","bottom-up","Supported","preferred",0.0695979628707845
"1371","Neofelis_genus_&_Tapirus_indicus","bottom-up","Supported","community",0.136380468276836
"178","Neofelis_genus_&_Tragulus_genus","no_association","unsupported","community",-0.229466801507675
"1391","Neofelis_genus_&_Trichys_fasciculata","bottom-up","Supported","community",0.107379258404116
"179","Neofelis_genus_&_Ursus_thibetanus","no_association","unsupported","community",0.146323204548884
"180","Neofelis_genus_&_Viverra_megaspila","no_association","unsupported","community",0.852589346177842
"1421","Neofelis_genus_&_Viverra_tangalunga","bottom-up","Supported","preferred",0.111190227479736
"1431","Neofelis_genus_&_Viverra_zibetha","bottom-up","Supported","preferred",0.138676222983029
"181","Neofelis_genus_&_Viverricula_indica","no_association","unsupported","community",0.671957553077938
"182","Paguma_larvata_&_Panthera_pardus","no_association","unsupported","community",0.394232532963084
"193","Paguma_larvata_&_Panthera_tigris","bottom-up","Supported","community",0.979060653637209
"183","Panthera_pardus_&_Panthera_tigris","no_association","unsupported","community",0.786143086834866
"184","Panthera_pardus_&_Paradoxurus_hermaphroditus","no_association","unsupported","community",0.866100146316798
"1681","Panthera_pardus_&_Rusa_unicolor","bottom-up","Supported","community",1.82603078087881
"1691","Panthera_pardus_&_Sus_scrofa","bottom-up","Supported","preferred",0.125250930361469
"1701","Panthera_pardus_&_Tapirus_indicus","bottom-up","Supported","community",0.28872440253959
"185","Panthera_pardus_&_Tragulus_genus","no_association","unsupported","community",-0.0324807768334094
"186","Panthera_pardus_&_Ursus_thibetanus","no_association","unsupported","community",0.186898508466322
"188","Panthera_pardus_&_Viverra_megaspila","no_association","unsupported","community",1.20455791895622
"189","Panthera_pardus_&_Viverra_zibetha","no_association","unsupported","community",0.0648599384069478
"190","Panthera_tigris_&_Paradoxurus_hermaphroditus","no_association","unsupported","community",-0.0143829366584733
"196","Panthera_tigris_&_Rusa_unicolor","bottom-up","Supported","preferred",0.130817455238045
"191","Panthera_tigris_&_Sus_barbatus","no_association","unsupported","preferred",-0.754033335019399
"198","Panthera_tigris_&_Sus_scrofa","bottom-up","Supported","preferred",0.100610381057933
"192","Panthera_tigris_&_Tapirus_indicus","no_association","unsupported","preferred",0.380948818416833
"194","Panthera_tigris_&_Tragulus_genus","no_association","unsupported","community",-0.216647997193563
"2381","Panthera_tigris_&_Trichys_fasciculata","top-down","Supported","community",-2.25336821586845
"195","Panthera_tigris_&_Ursus_thibetanus","no_association","unsupported","preferred",-0.0074667115719943
"2501","Panthera_tigris_&_Viverra_megaspila","top-down","Supported","community",-4.08449542666299
"2551","Panthera_tigris_&_Viverra_zibetha","top-down","Supported","community",-0.0920294904153944
"197","Panthera_tigris_&_Viverricula_indica","no_association","unsupported","community",0.255811004813763
"199","Cuon_alpinus_&_Pardofelis_marmorata","no_association","unsupported","community",-0.210183319360535
"1100","Neofelis_genus_&_Pardofelis_marmorata","no_association","unsupported","community",0.752365555259613
"1101","Panthera_pardus_&_Pardofelis_marmorata","no_association","unsupported","community",-0.165267522294671
"1102","Panthera_tigris_&_Pardofelis_marmorata","no_association","unsupported","community",-0.0718939030050957
"1103","Cuon_alpinus_&_Prionailurus_bengalensis","no_association","unsupported","community",0.436842144340479
"1104","Neofelis_genus_&_Prionailurus_bengalensis","no_association","unsupported","community",0.643614843932961
"1105","Panthera_pardus_&_Prionailurus_bengalensis","no_association","unsupported","community",0.394861123328171
"1106","Panthera_tigris_&_Prionailurus_bengalensis","no_association","unsupported","community",0.13434931490385
"1107","Cuon_alpinus_&_Varanus_salvator","no_association","unsupported","community",1.11022799809588
"1108","Neofelis_genus_&_Varanus_salvator","no_association","unsupported","community",1.22104763850374
"2451","Panthera_pardus_&_Varanus_salvator","top-down","Supported","community",-1.23741552553677
"1109","Panthera_tigris_&_Varanus_salvator","no_association","unsupported","community",-0.00780562143952506
