"","Interaction_Estimate","SD","lower","upper","Rhat","Significance","BPV.dom","BPV.sub","Chat.dom","Chat.sub","Species_Pair","MCMC_setting"
"1",0.460520648826687,1.68420477172919,-2.36372570590941,2.09062553090229,13.8697912762603,"Non-Significant",0.2528,0.222166666666667,1.09382191001339,1.04368338630056,"SUB-Panthera_pardus~DOM-Arctictis_binturong","LONG"
"2",0.101134993728766,0.0323362558648437,0.0391331084090889,0.165903748666304,1.00090265366424,"Significant",0.00223333333333333,0.1876,1.09368202973218,1.05001513488973,"SUB-Panthera_pardus~DOM-Hystrix_brachyura","LONG"
"3",0.391952274765143,0.0583297618561338,0.276671205444029,0.506345778065373,1.00237343020663,"Significant",0.2392,0.394,1.01137272830885,1.04593789953491,"SUB-Panthera_tigris~DOM-Arctictis_binturong","LONG"
"4",1.03559098421859,0.1321618698849,0.772017271766881,1.28439817213141,1.00006823296619,"Significant",0.2252,0.1923,1.03607283820256,1.08076409143329,"SUB-Tapirus_indicus~DOM-Panthera_pardus","LONG"
"5",0.130291316311048,0.0334866765216964,0.0688422419271596,0.200072274345606,1.00029162462325,"Significant",0.19,0.00213333333333333,1.05029848820198,1.09105941339047,"SUB-Hystrix_brachyura~DOM-Panthera_pardus","LONG"
"6",0.163022823946722,0.0575127529590966,0.0531900776180419,0.279019465083224,1.00075807039526,"Significant",0.3259,0.198466666666667,1.04171824004257,1.06718535709828,"SUB-Neofelis_genus~DOM-Lophura_bulweri","LONG"
"7",-0.266494711225198,0.0870453376834324,-0.446468754924726,-0.106025788693269,1.00055402068016,"Significant",0.404733333333333,0.183766666666667,1.09536776678273,1.0029887096693,"SUB-Panthera_pardus~DOM-Macaca_nemestrina","LONG"
"8",-0.0718939030050957,0.130421905750187,-0.353591434402611,0.16247556605855,1.00002825760932,"Non-Significant",0.3623,0.454,1.01340476015104,1.01396209812116,"SUB-Pardofelis_marmorata~DOM-Panthera_tigris","LONG"
"9",-2.25336821586845,1.26547018176373,-5.25498069918775,-0.351867747226919,1.00035542002565,"Significant",0.3673,0.347433333333333,1.01395546080232,1.01390395583899,"SUB-Trichys_fasciculata~DOM-Panthera_tigris","LONG"
"10",-0.418102728271759,0.105012483027101,-0.635824958777495,-0.225025798082332,1.00070054416069,"Significant",0.352666666666667,0.2179,1.02427607930059,1.01553022601154,"SUB-Atherurus_macrourus~DOM-Panthera_tigris","LONG"
"11",-0.00780562143952506,0.117328198335916,-0.253572082363078,0.208722073257349,1.00027471325807,"Non-Significant",0.3638,0.549566666666667,0.996004780418645,1.01403162329842,"SUB-Varanus_salvator~DOM-Panthera_tigris","LONG"
"12",-4.08449542666299,1.23572285475004,-6.66512727959034,-2.14229730412889,1.02755305990739,"Significant",0.392,0.429666666666667,1.02359300893047,1.01127506557557,"SUB-Viverra_megaspila~DOM-Panthera_tigris","LONG"
"13",-0.0920294904153944,0.0481674857739175,-0.185200795157417,-2.47326485711975e-05,1.00016407481886,"Significant",0.3606,0.3815,1.01026824034845,1.01426358053215,"SUB-Viverra_zibetha~DOM-Panthera_tigris","LONG"
"14",0.446837941719135,0.0784629675554507,0.301977492976928,0.611353348675535,1.00035968233615,"Significant",0.344,0.288133333333333,1.06472673197444,1.01577521490416,"SUB-Viverricula_indica~DOM-Panthera_tigris","LONG"
"15",0.359469295909373,0.103981452140305,0.154553589245314,0.563397780314747,1.00093604485233,"Significant",0.373966666666667,0.3189,1.04669002077569,1.01288893071934,"SUB-Catopuma_temminckii~DOM-Panthera_tigris","LONG"
"16",0.103466630581731,0.0494359786554352,0.00724571497613764,0.20164965751999,1.00008616392236,"Significant",0.3698,0.311433333333333,1.0288503019265,1.0131819532426,"SUB-Cuon_alpinus~DOM-Panthera_tigris","LONG"
"17",0.0282297516451569,0.0239704441323665,-0.0231718524075541,0.0713008014026632,0.999978618399808,"Non-Significant",0.375,0.1943,1.04237709399649,1.0081695655316,"SUB-Neofelis_genus~DOM-Argusianus_argus","LONG"
"18",0.0122491584950172,0.0232636994026107,-0.0366600149373595,0.0542284401190974,0.999965218451676,"Non-Significant",0.253766666666667,0.2009,1.04193467026389,1.01970123822282,"SUB-Neofelis_genus~DOM-Lophura_diardi","LONG"
"19",0.014765016266713,0.0307635396534625,-0.0460477537913562,0.0751571044559565,1.00008104715384,"Non-Significant",0.402933333333333,0.197133333333333,1.04239338693362,1.00302821435265,"SUB-Neofelis_genus~DOM-Macaca_nemestrina","LONG"
"20",0.394861123328171,0.0660458852806814,0.272841177421837,0.532392304116066,0.999967162149812,"Significant",0.1806,0.434766666666667,1.00525563562754,1.09400140738365,"SUB-Prionailurus_bengalensis~DOM-Panthera_pardus","LONG"
"21",-0.0836389865274138,0.162760746382248,-0.461766315246504,0.163156765901546,1.00042368531577,"Non-Significant",0.3766,0.189633333333333,1.09293730084278,1.0081872185095,"SUB-Panthera_pardus~DOM-Argusianus_argus","LONG"
"22",-0.0822779176522591,0.0538623029047027,-0.201074890773654,0.00869356029743319,0.999961786941094,"Non-Significant",0.371566666666667,0.363033333333333,1.01422264336233,1.00838147222499,"SUB-Panthera_tigris~DOM-Argusianus_argus","LONG"
"23",1.9982227725193,0.259322974707536,1.53191778895407,2.54690519761703,1.19937060653982,"Significant",0.3715,0.2125,1.09721336614563,1.0098236975094,"SUB-Panthera_pardus~DOM-Paradoxurus_hermaphroditus","LONG"
"24",-0.0319664914815808,0.0530884596190931,-0.139547953510077,0.0675003753027372,1.00005733818998,"Non-Significant",0.375666666666667,0.3667,1.01375964383933,1.00962393786164,"SUB-Panthera_tigris~DOM-Paradoxurus_hermaphroditus","LONG"
"25",0.107379258404116,0.049942718242714,0.00753367566895859,0.202374789592337,1.0011901891135,"Significant",0.3512,0.1999,1.04222571865992,1.01377409039887,"SUB-Neofelis_genus~DOM-Trichys_fasciculata","LONG"
"26",0.20414665139396,0.391485312327986,-0.514237667361163,0.760127710794326,7.03787095657203,"Non-Significant",0.0136,0.232333333333333,1.08860250293623,1.07715263889354,"SUB-Panthera_pardus~DOM-Ursus_thibetanus","LONG"
"27",-0.0873210367810675,0.0812768401536371,-0.252935634119949,0.0685467333429841,1.00002794048776,"Non-Significant",0.206066666666667,0.374066666666667,1.01331609931538,1.0249998579218,"SUB-Panthera_tigris~DOM-Atherurus_macrourus","LONG"
"28",0.00727310274335413,0.0705577798058626,-0.137529700366615,0.138076687931458,1.0004482165021,"Non-Significant",0.203766666666667,0.317466666666667,1.02860544675117,1.02497595545838,"SUB-Cuon_alpinus~DOM-Atherurus_macrourus","LONG"
"29",-0.00796135723881503,0.262700824181291,-0.599587655934063,0.419193716323687,1.00090105234927,"Non-Significant",0.4104,0.1961,1.04223680703691,1.02747251868864,"SUB-Neofelis_genus~DOM-Viverra_megaspila","LONG"
"30",-0.00863125608953316,0.0156619067936999,-0.0406456234292835,0.0208708519838044,1.00006053692546,"Non-Significant",0.251833333333333,0.369,1.01357147101687,1.02012146057074,"SUB-Panthera_tigris~DOM-Lophura_diardi","LONG"
"31",-0.0523997046150747,0.0353904704137362,-0.122764424385501,0.0159845775866907,1.00064996507117,"Non-Significant",0.4655,0.365966666666667,1.01409460086467,1.00106248857136,"SUB-Panthera_tigris~DOM-Muntiacus_genus","LONG"
"32",0.0765684199590282,0.71629928312177,-1.11604125114556,0.742804269269328,13.1510168045891,"Non-Significant",0.136066666666667,0.490933333333333,1.00053590570316,1.11792202542309,"SUB-Tragulus_genus~DOM-Panthera_pardus","LONG"
"33",2.6636033292731,0.468595735178161,1.94270087519684,3.64936266657673,2.50421722152425,"Significant",0.4134,0.2117,1.09721198560905,1.02792140919279,"SUB-Panthera_pardus~DOM-Viverra_megaspila","LONG"
"34",-3.12904149033886,1.24211477423905,-6.08966209788123,-1.30602091407212,1.00043645902584,"Significant",0.413033333333333,0.381666666666667,1.01219270942576,1.02766807000376,"SUB-Panthera_tigris~DOM-Viverra_megaspila","LONG"
"35",0.0871299116285235,0.208312935356335,-0.376528033493158,0.442813420918992,1.00035051858413,"Non-Significant",0.410633333333333,0.309833333333333,1.02951317407361,1.02707790077619,"SUB-Cuon_alpinus~DOM-Viverra_megaspila","LONG"
"36",0.142596447448128,0.0778289175078899,-0.00738074218136243,0.301701335412321,1.00042355204999,"Non-Significant",0.385466666666667,0.184533333333333,1.09488979309935,1.00969491295592,"SUB-Panthera_pardus~DOM-Viverra_zibetha","LONG"
"37",-0.0034666017875508,0.0349289092721794,-0.0743497579356172,0.062245554943686,0.999990193769278,"Non-Significant",0.3801,0.372866666666667,1.01355520509876,1.0100695468609,"SUB-Panthera_tigris~DOM-Viverra_zibetha","LONG"
"38",0.143371166673833,0.0297107928810928,0.0853040676239782,0.201584292529317,1.00005009733594,"Significant",0.397466666666667,0.318766666666667,1.02811698681807,1.00882632554115,"SUB-Cuon_alpinus~DOM-Viverra_zibetha","LONG"
"39",0.142459600959376,0.124678376449085,-0.12191460297653,0.367642233617265,0.999991231101804,"Non-Significant",0.280533333333333,0.1949,1.04246471661766,1.06662697101318,"SUB-Neofelis_genus~DOM-Viverricula_indica","LONG"
"40",0.0647840679083901,0.0605662650792067,-0.0575002589554955,0.180668202415107,0.999980922284322,"Non-Significant",0.271533333333333,0.365666666666667,1.01434074409352,1.06817697193226,"SUB-Panthera_tigris~DOM-Viverricula_indica","LONG"
"41",0.0992630660756833,0.0924679029378469,-0.0897157180268911,0.273418817087184,0.99996625675959,"Non-Significant",0.2764,0.315333333333333,1.02859047530976,1.06730173234259,"SUB-Cuon_alpinus~DOM-Viverricula_indica","LONG"
"42",-0.033027232670009,0.0729531176619191,-0.182023059368073,0.105178234850184,0.999977834365245,"Non-Significant",0.252333333333333,0.201733333333333,1.04152578998514,1.02185010798707,"SUB-Neofelis_genus~DOM-Bos_gaurus","LONG"
"43",0.0323961709887391,0.0141421121506375,0.0035288750813491,0.058873287946813,1.00011252231452,"Significant",0.257566666666667,0.3249,1.02839884767299,1.01950713317769,"SUB-Cuon_alpinus~DOM-Lophura_diardi","LONG"
"44",0.743240640782599,0.0503443366041068,0.647108944706464,0.841991888688373,1.06045355320218,"Significant",0.166433333333333,0.00266666666666667,1.05384933312873,1.03688109471914,"SUB-Hystrix_brachyura~DOM-Panthera_tigris","LONG"
"45",0.538885491965668,0.0865457956337494,0.3781815491136,0.721633089864913,1.00011740495801,"Significant",0.477633333333333,0.209666666666667,1.08816686643776,1.00076824538334,"SUB-Panthera_pardus~DOM-Muntiacus_genus","LONG"
"46",1.71321190878049,0.275716248554833,1.10097673286591,2.21270425845881,1.05870516389521,"Significant",0.2533,0.206333333333333,1.09679547766829,1.0218336273817,"SUB-Panthera_pardus~DOM-Bos_gaurus","LONG"
"47",-0.0117929273926242,0.0489225548258409,-0.111236971786178,0.082507140749493,1.00023534371768,"Non-Significant",0.251166666666667,0.313166666666667,1.0291148843161,1.02167392431839,"SUB-Cuon_alpinus~DOM-Bos_gaurus","LONG"
"48",-0.984778237040014,0.2066305681014,-1.39412006517882,-0.483970481524556,1.09939926539539,"Significant",0.152766666666667,0.239,1.08766187447667,1.0533685822742,"SUB-Panthera_pardus~DOM-Capricornis_genus","LONG"
"49",0.842881852966955,0.113842848640151,0.632852175661975,1.09067178634813,1.00389743517229,"Significant",0.302633333333333,0.2298,1.04967499028854,1.03014370593639,"SUB-Arctictis_binturong~DOM-Cuon_alpinus","LONG"
"50",-0.481307768838103,0.0651867761974013,-0.61363984079992,-0.354764709410024,1.02731968793215,"Significant",0.227566666666667,0.174066666666667,1.02384297297588,1.04451843496645,"SUB-Helarctos_malayanus~DOM-Cuon_alpinus","LONG"
"51",0.945392303241212,0.112984159243186,0.734714618319539,1.18124386319914,1.00267359703962,"Significant",0.267833333333333,0.237933333333333,1.03683477381492,1.03673727917293,"SUB-Herpestes_urva~DOM-Cuon_alpinus","LONG"
"52",1.11709592192705,0.0493702185417119,1.02803508251906,1.21188577971191,2.29755267575902,"Significant",0.2452,0.1591,1.03797765408576,1.04088992156519,"SUB-Lophura_diardi~DOM-Cuon_alpinus","LONG"
"53",0.722457688055135,0.217839314884536,0.348196819879773,1.19669919572583,1.06425832568858,"Significant",0.3153,0.2871,1.03152509747975,1.02854694280169,"SUB-Lophura_ignita~DOM-Cuon_alpinus","LONG"
"54",1.52668478707213,0.225361479692384,1.13916113427597,2.01629807867189,1.02923115273018,"Significant",0.2555,0.270166666666667,1.04562533044935,1.03859935367853,"SUB-Lophura_nycthemera~DOM-Cuon_alpinus","LONG"
"55",-0.315850200957178,0.133372578144559,-0.591661242327666,-0.0718056424839187,1.00063218104381,"Significant",0.313933333333333,0.2371,1.04821356442291,1.02959274514431,"SUB-Arctonyx_collaris~DOM-Cuon_alpinus","LONG"
"56",-0.0666207850790338,0.0444704833726344,-0.170097585432317,0.00729237785426367,1.00697305076475,"Non-Significant",0.296666666666667,0.199133333333333,1.04179581914382,1.02975598558633,"SUB-Neofelis_genus~DOM-Lophura_ignita","LONG"
"57",0.101251004958952,0.0248116066236082,0.0527448601449055,0.150224764137517,1.00013752918323,"Significant",0.465966666666667,0.2012,1.04143925309482,1.00104989367256,"SUB-Neofelis_genus~DOM-Muntiacus_genus","LONG"
"58",0.13434931490385,0.0355909809674232,0.0691113029827091,0.208472611766648,1.00032267486003,"Significant",0.333666666666667,0.430366666666667,1.00537108856575,1.01734088417832,"SUB-Prionailurus_bengalensis~DOM-Panthera_tigris","LONG"
"59",0.383521135326892,0.178518006460251,0.0611415017082807,0.747415331775148,1.01361794730956,"Significant",0.316933333333333,0.551066666666667,0.995718138504456,1.02888283632205,"SUB-Macaca_arctoides~DOM-Cuon_alpinus","LONG"
"60",-1.78564614613874,1.19280468983285,-4.7961368143301,-0.184964744551389,1.00049689972169,"Significant",0.315666666666667,0.4108,1.00703013559652,1.02866295689451,"SUB-Macaca_fascicularis~DOM-Cuon_alpinus","LONG"
"61",0.412737369485575,0.0579129357563779,0.297815940370729,0.520782314183321,1.0017247977098,"Significant",0.277866666666667,0.3742,1.00390717824875,1.03438953043002,"SUB-Macaca_nemestrina~DOM-Cuon_alpinus","LONG"
"62",-0.462621513953441,0.338525880330922,-1.2098864352723,0.108625729439365,1.00009916507339,"Non-Significant",0.315333333333333,0.3829,1.02153149285695,1.02918799247656,"SUB-Manis_javanica~DOM-Cuon_alpinus","LONG"
"63",0.901150126739693,0.112974903926466,0.684189541014404,1.13059468782081,1.00043525284481,"Significant",0.271533333333333,0.0292333333333333,1.07911894175828,1.03661068713908,"SUB-Martes_flavigula~DOM-Cuon_alpinus","LONG"
"64",0.136508734621627,0.171084960599832,-0.246463763244743,0.440416153537593,1.00499593058433,"Non-Significant",0.3184,0.2002,1.04191778530506,1.02849148919925,"SUB-Neofelis_genus~DOM-Cuon_alpinus","LONG"
"65",0.0157854939476355,0.514312402285013,-0.970426297518723,1.22958077884656,1.00335419280405,"Non-Significant",0.3209,0.3973,1.01320613663235,1.02841563373606,"SUB-Paguma_larvata~DOM-Cuon_alpinus","LONG"
"66",2.0476777626918,1.06603957687106,0.743687001472574,3.99537047544203,7.06498133800471,"Significant",0.3092,0.206966666666667,1.09879867857661,1.02966628647293,"SUB-Panthera_pardus~DOM-Cuon_alpinus","LONG"
"67",0.346672977366776,0.0641769377187794,0.222874836255972,0.475007126891454,1.0005460737892,"Significant",0.312833333333333,0.3867,1.01196738616183,1.02886687145668,"SUB-Panthera_tigris~DOM-Cuon_alpinus","LONG"
"68",0.0564612888668969,0.0678825966017995,-0.0641879152642641,0.196949393409708,1.01426285907823,"Non-Significant",0.3075,0.316266666666667,1.02882857507092,1.02758949468173,"SUB-Cuon_alpinus~DOM-Lophura_ignita","LONG"
"69",0.0746709655891823,0.0383413888261664,-0.00147078197859995,0.14855461427827,1.00005032693999,"Non-Significant",0.472433333333333,0.312466666666667,1.02885315985862,1.0009542219602,"SUB-Cuon_alpinus~DOM-Muntiacus_genus","LONG"
"70",-0.384621537521482,0.654217396084513,-0.998950908988702,0.619922110221979,15.6134280776109,"Non-Significant",0.3239,0.492,1.0004544419348,1.01829327716624,"SUB-Tragulus_genus~DOM-Panthera_tigris","LONG"
"71",0.770274004269207,0.0757598690219348,0.629985741109218,0.923721498853519,1.00252686489845,"Significant",0.248033333333333,0.394933333333333,1.00847359642134,1.04134637332173,"SUB-Paradoxurus_hermaphroditus~DOM-Cuon_alpinus","LONG"
"72",-0.210183319360535,0.221522559068816,-0.711270209685386,0.161619407298647,1.00007677437763,"Non-Significant",0.317266666666667,0.454466666666667,1.01290226196786,1.02869238776658,"SUB-Pardofelis_marmorata~DOM-Cuon_alpinus","LONG"
"73",1.73009217117394,0.235999952992335,1.20334418693495,2.15642845595475,1.00526550286291,"Significant",0.321666666666667,0.211666666666667,1.03400452809731,1.02804232823837,"SUB-Tapirus_indicus~DOM-Cuon_alpinus","LONG"
"74",0.323441275358042,0.441235797830542,-0.651478171701269,1.12718749052437,1.00140290216346,"Non-Significant",0.318666666666667,0.352866666666667,1.01364994438294,1.02806063813348,"SUB-Trichys_fasciculata~DOM-Cuon_alpinus","LONG"
"75",0.291280095996186,0.767870625598195,-0.847964108432488,0.909228017504565,35.6841751301219,"Non-Significant",0.234766666666667,0.0466333333333333,1.0627246597201,1.04338641762067,"SUB-Ursus_thibetanus~DOM-Cuon_alpinus","LONG"
"76",0.485374765404514,1.24824118257613,-1.48144841005399,1.60651614598618,16.2383997529874,"Non-Significant",0.261966666666667,0.2716,1.02017768239893,1.03726307503393,"SUB-Atherurus_macrourus~DOM-Cuon_alpinus","LONG"
"77",1.11022799809588,0.154174636632482,0.841698479556856,1.44644181643043,1.00516132427932,"Significant",0.2921,0.5154,0.999636983664995,1.032331836798,"SUB-Varanus_salvator~DOM-Cuon_alpinus","LONG"
"78",1.70200636451901,0.249128756410223,1.27561547729778,2.25157825717076,1.00193988419854,"Significant",0.286866666666667,0.468433333333333,1.0161675489419,1.03223110362857,"SUB-Viverra_megaspila~DOM-Cuon_alpinus","LONG"
"79",0.720012980527653,0.0608554236853997,0.604683551304481,0.843854982334968,1.00628991329084,"Significant",0.272466666666667,0.4323,1.0064484326726,1.03581077988141,"SUB-Viverra_zibetha~DOM-Cuon_alpinus","LONG"
"80",0.940474701865512,0.171098036216776,0.629663013392055,1.30289204795542,1.00027792107289,"Significant",0.273333333333333,0.306533333333333,1.05938448040807,1.0363913079441,"SUB-Viverricula_indica~DOM-Cuon_alpinus","LONG"
"81",0.625912340592694,0.0845740815216238,0.464836086758653,0.795575578086865,1.00001957421565,"Significant",0.175833333333333,0.2396,1.04686113387197,1.04642034620301,"SUB-Arctictis_binturong~DOM-Neofelis_genus","LONG"
"82",0.131008745138508,0.0691785525535814,-0.0185686991771029,0.254231782239343,1.0000177686218,"Non-Significant",0.269866666666667,0.199133333333333,1.04201876352642,1.04079681923084,"SUB-Neofelis_genus~DOM-Lophura_nycthemera","LONG"
"83",0.0605686964764767,0.071929816179414,-0.0879667164896729,0.1929394742111,1.00018167657231,"Non-Significant",0.3794,0.199366666666667,1.04208292291869,1.00950803892266,"SUB-Neofelis_genus~DOM-Paradoxurus_hermaphroditus","LONG"
"84",0.635898750390657,0.0753327277222849,0.493736663930001,0.777703157154263,1.00115179876839,"Significant",0.2268,0.298633333333333,1.01805033426277,1.04565512597566,"SUB-Bos_gaurus~DOM-Cuon_alpinus","LONG"
"85",-0.467939962696032,0.229368061355135,-0.941209216975061,-0.0441630926925247,1.00021140191072,"Significant",0.313833333333333,0.315266666666667,1.04759585608507,1.02933555478491,"SUB-Catopuma_temminckii~DOM-Cuon_alpinus","LONG"
"86",0.654857283171372,0.120921838487574,0.401306913261762,0.87908671371028,1.00020470432631,"Significant",0.196966666666667,0.2447,1.04677069253263,1.04213836043686,"SUB-Arctonyx_collaris~DOM-Neofelis_genus","LONG"
"87",0.104478147195501,0.0503811899603133,0.00271588848435778,0.199189149515842,1.00006525260096,"Significant",0.382966666666667,0.315333333333333,1.02845662301453,1.00906156342806,"SUB-Cuon_alpinus~DOM-Paradoxurus_hermaphroditus","LONG"
"88",-0.0861320420488541,0.134371937119682,-0.384633958370211,0.13885906467069,1.00049481062157,"Non-Significant",0.2702,0.365,1.01354234096011,1.04053769781353,"SUB-Panthera_tigris~DOM-Lophura_nycthemera","LONG"
"89",0.0169077595879001,0.0589241912717928,-0.110956836259918,0.12165400049301,1.00004249944829,"Non-Significant",0.270566666666667,0.315,1.02905163670893,1.04037444764184,"SUB-Cuon_alpinus~DOM-Lophura_nycthemera","LONG"
"90",1.07317212397286,0.0337886706641243,1.00848046366589,1.13809755913001,1.60533231628201,"Significant",0.0478666666666667,0.00456666666666667,1.05171997045238,1.08234324633738,"SUB-Hystrix_brachyura~DOM-Neofelis_genus","LONG"
"91",1.82603078087881,0.246182139554647,1.35505610718934,2.3263846117144,1.02824391628459,"Significant",0.571066666666667,0.2315,1.09000137954917,0.996450115328568,"SUB-Panthera_pardus~DOM-Rusa_unicolor","LONG"
"92",0.722078195475079,0.115951284549021,0.564806621568084,0.933570751771205,5.32841428604871,"Significant",0.0754333333333333,0.1185,1.02806245510274,1.07264936747737,"SUB-Rusa_unicolor~DOM-Neofelis_genus","LONG"
"93",0.0860625419710051,0.088716923247334,-0.092742897711825,0.257579915258544,1.0000597263878,"Non-Significant",0.197166666666667,0.532966666666667,0.997593738193371,1.04233796077845,"SUB-Macaca_arctoides~DOM-Neofelis_genus","LONG"
"94",0.136380468276836,0.048937678483875,0.0392072711106664,0.230938991557907,1.00002501863611,"Significant",0.218733333333333,0.198366666666667,1.04176059450021,1.0320000392361,"SUB-Neofelis_genus~DOM-Tapirus_indicus","LONG"
"95",-0.0734150627094751,0.0753305851877869,-0.228245812626626,0.0681820622206065,1.00023100000417,"Non-Significant",0.237833333333333,0.3678,1.01385039719602,1.04810628147315,"SUB-Panthera_tigris~DOM-Arctonyx_collaris","LONG"
"96",0.29071175236908,0.0727263241913075,0.144305272088798,0.431073009783986,1.00040365956193,"Significant",0.244933333333333,0.3194,1.02853372410327,1.04463431597819,"SUB-Cuon_alpinus~DOM-Arctictis_binturong","LONG"
"97",0.209374141060515,0.0980928656184631,0.00788461327806596,0.396981440562439,1.00628308472571,"Significant",0.242033333333333,0.194333333333333,1.04251161614567,1.04585521144434,"SUB-Neofelis_genus~DOM-Arctictis_binturong","LONG"
"98",0.28872440253959,0.103024728082085,0.0816082357767702,0.487438562147839,1.00040272445253,"Significant",0.213133333333333,0.188333333333333,1.09242312599567,1.0327240051917,"SUB-Panthera_pardus~DOM-Tapirus_indicus","LONG"
"99",0.0743827541963436,0.049614583013442,0.0214617725797472,0.189323164703269,1.97304128287887,"Significant",0.00163333333333333,0.338866666666667,1.01748768756149,1.05340999291414,"SUB-Panthera_tigris~DOM-Hystrix_brachyura","LONG"
"100",-0.0500580149232448,0.122586218019965,-0.299861871953549,0.178001509821119,1.00000369973011,"Non-Significant",0.235133333333333,0.3148,1.02907551600494,1.04878291907497,"SUB-Cuon_alpinus~DOM-Arctonyx_collaris","LONG"
"101",-1.5463610345258,1.09357873891252,-4.30101847949497,-0.145010754541901,1.00027288055049,"Significant",0.216933333333333,0.3145,1.02911748179727,1.03197546156316,"SUB-Cuon_alpinus~DOM-Tapirus_indicus","LONG"
"102",-0.0441734371795513,0.284174109964332,-0.314983129922323,0.414197496146416,12.6300498356782,"Non-Significant",0.139033333333333,0.190266666666667,1.01070253202723,1.05408719280524,"SUB-Macaca_nemestrina~DOM-Neofelis_genus","LONG"
"103",-0.0698586993502336,0.0297036599929039,-0.130868481603128,-0.0147591272543602,1.00003925229976,"Significant",0.467266666666667,0.191533333333333,1.0426668933276,1.00142644033535,"SUB-Neofelis_genus~DOM-Tragulus_genus","LONG"
"104",0.597707139799848,0.275568506915477,0.195744172369426,1.27568270259569,1.0283620676454,"Significant",0.514033333333333,0.3617,1.01396776510082,1.00000563326846,"SUB-Panthera_tigris~DOM-Macaca_arctoides","LONG"
"105",6.27677679742977e-05,0.152789816450913,-0.315665508941893,0.286717283122369,1.00026251288751,"Non-Significant",0.544966666666667,0.312966666666667,1.02933979434689,0.99594750656198,"SUB-Cuon_alpinus~DOM-Macaca_arctoides","LONG"
"106",-0.141529973625847,0.1103711930534,-0.383843656113587,0.046524621519516,1.00010546881606,"Non-Significant",0.473266666666667,0.187,1.09269413329613,1.00140771340812,"SUB-Panthera_pardus~DOM-Tragulus_genus","LONG"
"107",0.133692888645937,0.488193114882643,-0.638905519168325,0.583285451983408,14.5606584854333,"Non-Significant",0.156266666666667,0.351966666666667,1.00918218298587,1.05038827691254,"SUB-Sus_barbatus~DOM-Neofelis_genus","LONG"
"108",-0.0114120389713656,0.118722326920548,-0.26906356223264,0.197341513273068,0.999986448578764,"Non-Significant",0.392033333333333,0.194766666666667,1.04262862684114,1.00798662380437,"SUB-Neofelis_genus~DOM-Macaca_fascicularis","LONG"
"109",-0.0486744568656434,0.0434018335302459,-0.143004979429387,0.0251680511721844,0.999992147243889,"Non-Significant",0.471,0.3676,1.01357479965529,1.00133812288667,"SUB-Panthera_tigris~DOM-Tragulus_genus","LONG"
"110",0.420897958587757,0.0333607974459517,0.357089554110214,0.487102439459438,1.0453441514858,"Significant",0.115366666666667,0.214433333333333,1.01062665111668,1.05970525433136,"SUB-Sus_scrofa~DOM-Neofelis_genus","LONG"
"111",-0.0312905182413049,0.0611287661198176,-0.167092403552635,0.0696521162535509,1.00007401647514,"Non-Significant",0.4676,0.3174,1.02861911401683,1.00150225931125,"SUB-Cuon_alpinus~DOM-Tragulus_genus","LONG"
"112",0.544901798036787,0.485928396895763,-0.442318606947116,1.41008884431642,1.00283673208066,"Non-Significant",0.399433333333333,0.372066666666667,1.01321662823259,1.00784222689679,"SUB-Panthera_tigris~DOM-Macaca_fascicularis","LONG"
"113",0.552561298429211,0.0749722292413378,0.408067670393738,0.700092676781282,1.00025125043158,"Significant",0.187366666666667,0.452166666666667,1.0043034961344,1.04391807437292,"SUB-Viverra_tangalunga~DOM-Neofelis_genus","LONG"
"114",-1.5591175798246,1.1723834241561,-4.42641407077508,0.106915418212222,1.00010907914298,"Non-Significant",0.3922,0.317033333333333,1.02903227496528,1.00799443301627,"SUB-Cuon_alpinus~DOM-Macaca_fascicularis","LONG"
"115",-1.42441551928108,1.20561501591354,-4.41264342724191,0.316944789141172,1.00336020927574,"Non-Significant",0.346533333333333,0.364766666666667,1.01395836846985,1.0138886821292,"SUB-Panthera_tigris~DOM-Trichys_fasciculata","LONG"
"116",0.841457165639917,0.0676795101940354,0.714749867816224,0.977876201738028,1.00241304501482,"Significant",0.156666666666667,0.436133333333333,1.00621811775746,1.05051531108408,"SUB-Viverra_zibetha~DOM-Neofelis_genus","LONG"
"117",1.14561742793525,0.11074005948006,0.930568957086304,1.36394881620689,1.0055669954034,"Significant",0.1211,0.200833333333333,1.04647570353486,1.05845876513104,"SUB-Capricornis_genus~DOM-Neofelis_genus","LONG"
"118",0.834684623777855,0.396983303464372,-0.0309094402184723,1.55789713241926,1.00073438329406,"Non-Significant",0.3463,0.322733333333333,1.02741551291352,1.01425548608686,"SUB-Cuon_alpinus~DOM-Trichys_fasciculata","LONG"
"119",0.0160983537315134,0.0411827703349567,-0.0656752280587339,0.0957239613496342,1.00009504000134,"Non-Significant",0.3986,0.371866666666667,1.01340284956102,1.00328978806577,"SUB-Panthera_tigris~DOM-Macaca_nemestrina","LONG"
"120",0.0747211360276985,0.0454017611613253,-0.0153076504788034,0.16234738601076,1.00109307388592,"Non-Significant",0.400066666666667,0.3107,1.02920836639235,1.0031989596598,"SUB-Cuon_alpinus~DOM-Macaca_nemestrina","LONG"
"121",0.528302781317811,0.0308195424185971,0.468848838609952,0.589621819585285,1.00207436166171,"Significant",0.0854,0.0582666666666667,1.0202524534053,1.06852208333908,"SUB-Muntiacus_genus~DOM-Neofelis_genus","LONG"
"122",-0.00506975000324308,0.00893196482738708,-0.0238280795645148,0.0125647607375441,1.00978764906339,"Non-Significant",0.0179666666666667,0.196933333333333,1.04243473069539,1.07467964574786,"SUB-Neofelis_genus~DOM-Ursus_thibetanus","LONG"
"123",-0.450590391183028,0.369802891037428,-1.34796168017109,0.0788722525058074,1.00000853806783,"Non-Significant",0.1894,0.250166666666667,1.04415435890858,1.09244634830046,"SUB-Arctictis_binturong~DOM-Panthera_pardus","LONG"
"124",0.00482340653889016,0.0093465825317539,-0.0139394520891321,0.0244876571135947,1.01114133191655,"Non-Significant",0.0185333333333333,0.318433333333333,1.02836842510494,1.07405783580733,"SUB-Cuon_alpinus~DOM-Ursus_thibetanus","LONG"
"125",0.944578425350871,0.177946761312026,0.614657539573381,1.31728713592666,1.01402643582989,"Significant",0.0190333333333333,0.218133333333333,1.0907937656049,1.08679946722999,"SUB-Panthera_pardus~DOM-Martes_flavigula","LONG"
"126",-0.366868222606336,0.262209152169617,-0.981936705637245,0.0288287452146065,0.999997233291403,"Non-Significant",0.1899,0.233666666666667,1.04881058446037,1.09301731110207,"SUB-Arctonyx_collaris~DOM-Panthera_pardus","LONG"
"127",0.215619664201197,0.0559196937967365,0.102277867273341,0.321253701486323,0.999989797062538,"Significant",0.209233333333333,0.199766666666667,1.04203574521266,1.02470716419394,"SUB-Neofelis_genus~DOM-Atherurus_macrourus","LONG"
"128",0.0997135233092586,0.0542272961129251,-0.00620053045870864,0.206288552825113,1.00007601506783,"Non-Significant",0.0241666666666667,0.365,1.01380236618064,1.08040017392422,"SUB-Panthera_tigris~DOM-Martes_flavigula","LONG"
"129",0.0316925184166209,0.0202984955622855,-0.00864489725532158,0.0710854213183162,1.00035151561502,"Non-Significant",0.0027,0.318666666666667,1.02855513985575,1.05002563543658,"SUB-Cuon_alpinus~DOM-Hystrix_brachyura","LONG"
"130",-0.188154639370477,0.417307006148447,-0.811660140845949,0.144223914747276,29.1759726602785,"Non-Significant",0.106333333333333,0.108433333333333,1.15705563318465,1.03099012293034,"SUB-Neofelis_genus~DOM-Helarctos_malayanus","LONG"
"131",0.0197784544285089,0.0218159251454934,-0.0256129052167611,0.0599010766686986,1.00006998276543,"Non-Significant",0.135233333333333,0.369466666666667,1.01360710264901,1.02705028170912,"SUB-Panthera_tigris~DOM-Helarctos_malayanus","LONG"
"132",0.195864742556872,0.0673483081501768,0.0597028904528425,0.324556136965033,1.00005292090066,"Significant",0.0252333333333333,0.316033333333333,1.02858889076242,1.08081718727319,"SUB-Cuon_alpinus~DOM-Martes_flavigula","LONG"
"133",0.103701983043772,0.0569624947603457,-0.00908757906704721,0.217585574593393,1.00002830258304,"Non-Significant",0.183766666666667,0.530933333333333,0.997670400566215,1.09439740608346,"SUB-Macaca_arctoides~DOM-Panthera_pardus","LONG"
"134",0.23987632830587,0.0859157967011531,0.0642928196640859,0.401657842136039,1.00063936141012,"Significant",0.210033333333333,0.195966666666667,1.09047887494228,1.02466048638104,"SUB-Panthera_pardus~DOM-Atherurus_macrourus","LONG"
"135",0.853852012343937,0.047486371872604,0.759516519335462,0.949472939050964,1.02731973389583,"Significant",0.0907333333333333,0.1904,1.02338238545189,1.06586933313287,"SUB-Helarctos_malayanus~DOM-Neofelis_genus","LONG"
"136",1.09033967894863,0.0630663997357847,0.97656083335147,1.20544530296518,2.39960195737116,"Significant",0.172133333333333,0.00313333333333333,1.05281365936103,1.05289378974147,"SUB-Hystrix_brachyura~DOM-Cuon_alpinus","LONG"
"137",-0.272661697033274,0.308285358910158,-0.964324423546178,0.230063960540208,1.00231457785083,"Non-Significant",0.1915,0.3879,1.00841939764386,1.0924991097866,"SUB-Macaca_fascicularis~DOM-Panthera_pardus","LONG"
"138",0.743259395007764,0.0789010917302665,0.593494121160084,0.902735738243473,1.00142093008536,"Significant",0.186566666666667,0.581933333333333,0.99446613032529,1.04482441905875,"SUB-Hemigalus_derbyanus~DOM-Neofelis_genus","LONG"
"139",-0.504225954673132,0.0776855195554021,-0.658312720031677,-0.354629192863096,1.00096496373229,"Significant",0.168966666666667,0.2326,1.0092436414416,1.10095996124268,"SUB-Macaca_nemestrina~DOM-Panthera_pardus","LONG"
"140",0.436842144340479,0.0687508592765265,0.306828662725013,0.57661031990564,1.00161207960245,"Significant",0.326333333333333,0.444166666666667,1.00421101578773,1.02730910017078,"SUB-Prionailurus_bengalensis~DOM-Cuon_alpinus","LONG"
"141",0.744408942916454,0.173385934357664,0.404270358882421,1.08307315483874,1.00003982737438,"Significant",0.201,0.3162,1.02962065304852,1.04127983497614,"SUB-Herpestes_brachyurus~DOM-Neofelis_genus","LONG"
"142",0.11171369025543,0.037956551568889,0.0371938891965571,0.187048586564865,1.00017793312446,"Significant",0.190166666666667,0.550566666666667,0.998464572508187,1.09153605440822,"SUB-Sus_scrofa~DOM-Panthera_pardus","LONG"
"143",-0.317420580519994,1.08412517457133,-1.26337296601058,1.38959357749718,18.9084368657152,"Non-Significant",0.2731,0.575666666666667,0.996989571704523,1.03552357130474,"SUB-Tragulus_genus~DOM-Cuon_alpinus","LONG"
"144",1.23259870307263,0.11167502203174,1.01844915060932,1.45568645123899,1.03631979674015,"Significant",0.135833333333333,0.261433333333333,1.03402471443141,1.05545390346139,"SUB-Herpestes_urva~DOM-Neofelis_genus","LONG"
"145",0.0547594254911263,0.0457249045021563,-0.0321612149527481,0.146789789583333,1.00006561486658,"Non-Significant",0.187266666666667,0.4759,1.00081318302995,1.09171949402401,"SUB-Muntiacus_genus~DOM-Panthera_pardus","LONG"
"146",0.291509108995174,0.0323653279196713,0.231611901301666,0.358733601759126,1.00010875167706,"Significant",0.304833333333333,0.1106,1.02964447637413,1.01996896426152,"SUB-Helarctos_malayanus~DOM-Panthera_tigris","LONG"
"147",0.31736779942812,1.0464367843137,-1.30994076077598,1.26607611284613,16.2431324785319,"Non-Significant",0.183466666666667,0.3756,1.01203392015679,1.04451348108031,"SUB-Hystrix_crassispinis~DOM-Neofelis_genus","LONG"
"148",1.01497920111936,0.215604961943266,0.627282743039215,1.48160492404132,1.01076662051551,"Significant",0.183266666666667,0.282,1.08967485984113,1.04475582404619,"SUB-Lophura_bulweri~DOM-Neofelis_genus","LONG"
"149",0.791785879472185,0.0593726928702933,0.679477308207744,0.908967180680836,1.00402312995081,"Significant",0.266633333333333,0.5718,0.996255928513523,1.02363724675551,"SUB-Rusa_unicolor~DOM-Panthera_tigris","LONG"
"150",-0.399159429563641,1.2722931475847,-1.40718205975123,1.45778084817107,43.218863114929,"Non-Significant",0.124433333333333,0.1317,1.04026920142275,1.05884099015846,"SUB-Lophura_diardi~DOM-Neofelis_genus","LONG"
"151",-1.35278637383336,1.69245973037293,-3.1060190076368,1.13189703805762,11.3560426979042,"Non-Significant",0.3563,0.576033333333333,0.996137684200943,1.01502311436795,"SUB-Sus_barbatus~DOM-Panthera_tigris","LONG"
"152",0.922478049317431,0.124419147690976,0.564406568814439,1.10074967520677,1.20329186710053,"Significant",0.197466666666667,0.267833333333333,1.03532420431771,1.04308894917077,"SUB-Lophura_ignita~DOM-Neofelis_genus","LONG"
"153",0.0655967526007936,0.0308205173601863,0.00940891751716471,0.129436322827104,1.0005314063034,"Significant",0.373266666666667,0.547166666666667,0.99856812754593,1.01284561867782,"SUB-Sus_scrofa~DOM-Panthera_tigris","LONG"
"154",1.9557375759035,0.336315797747732,1.29056501191729,2.66082392873063,1.81086882247497,"Significant",0.189233333333333,0.240433333333333,1.04823746130222,1.04475414728156,"SUB-Lophura_nycthemera~DOM-Neofelis_genus","LONG"
"155",0.874368351617665,0.141609145633738,0.611415329078493,1.16694896857329,1.0003278275524,"Significant",0.359533333333333,0.1993,1.03505729375086,1.01463261039846,"SUB-Tapirus_indicus~DOM-Panthera_tigris","LONG"
"156",0.0603529211899735,0.0160025466003573,0.0289424666097313,0.0918409060178508,1.00127979776994,"Significant",0.00196666666666667,0.194233333333333,1.0424055551389,1.05018084898099,"SUB-Neofelis_genus~DOM-Hystrix_brachyura","LONG"
"157",0.176232755869858,0.0480381998096968,0.0835591510218234,0.272749178627268,1.00005591672829,"Significant",0.0252,0.198366666666667,1.0419054425919,1.08021011917028,"SUB-Neofelis_genus~DOM-Martes_flavigula","LONG"
"158",1.24614104964559,0.202581106975138,0.889678131298225,1.67931805439824,1.06800799935176,"Significant",0.104566666666667,0.236166666666667,1.08875671200714,1.0308122263658,"SUB-Panthera_pardus~DOM-Helarctos_malayanus","LONG"
"159",-0.112258737981514,0.149276333761277,-0.424217716603695,0.157547660389057,1.00026906211484,"Non-Significant",0.195666666666667,0.391466666666667,1.00809294634497,1.04216841846079,"SUB-Macaca_fascicularis~DOM-Neofelis_genus","LONG"
"160",-0.0892614490847984,0.383743841695869,-0.457727433769449,0.503844808213934,14.1991180009869,"Non-Significant",0.333766666666667,0.0220333333333333,1.07246090356501,1.01735846391842,"SUB-Ursus_thibetanus~DOM-Panthera_tigris","LONG"
"161",-0.0439313395321072,0.0518136624336255,-0.141482288373313,0.0571901455036072,1.02219216002187,"Non-Significant",0.3632,0.2546,1.02152744733054,1.01427914983309,"SUB-Bos_gaurus~DOM-Panthera_tigris","LONG"
"162",0.576357383639431,0.0840830506901746,0.412790340316163,0.74547905135426,1.00020886365343,"Significant",0.192066666666667,0.387933333333333,1.01472822735711,1.04324306652279,"SUB-Paguma_larvata~DOM-Neofelis_genus","LONG"
"163",-0.178151762365224,0.0986292742594625,-0.38092388809611,0.00137485904750777,1.00127948962628,"Non-Significant",0.377633333333333,0.1712,1.04785626577551,1.01284037114104,"SUB-Capricornis_genus~DOM-Panthera_tigris","LONG"
"164",1.41296813079001,0.235917981289826,0.953373008782302,1.86717694907822,1.10522660145945,"Significant",0.1655,0.2253,1.09229909255963,1.04791111359582,"SUB-Panthera_pardus~DOM-Neofelis_genus","LONG"
"165",-0.167512909650473,0.0372329072713845,-0.242771585081721,-0.0973320347108033,1.00031022308566,"Significant",0.378433333333333,0.469466666666667,1.0010883564219,1.0125312654589,"SUB-Muntiacus_genus~DOM-Panthera_tigris","LONG"
"166",-0.110893236298324,0.104330933216316,-0.320947009227408,0.0884247852165432,1.00008297583743,"Non-Significant",0.197,0.3617,1.01429049435994,1.04202050711434,"SUB-Panthera_tigris~DOM-Neofelis_genus","LONG"
"167",1.06454950180309,0.306565736077438,0.733502240631485,1.57232749447591,12.1524368834819,"Significant",0.1425,0.279066666666667,1.01687375259974,1.05328020358522,"SUB-Argusianus_argus~DOM-Neofelis_genus","LONG"
"168",-0.0945675166048998,0.0411201777400211,-0.178823306893137,-0.0176638049550106,1.00057585854525,"Significant",0.588466666666667,0.1954,1.04336654562678,0.995672746852392,"SUB-Neofelis_genus~DOM-Rusa_unicolor","LONG"
"169",0.752365555259613,0.100467157439587,0.565277531550661,0.959362659671291,1.00128662649536,"Significant",0.188633333333333,0.432466666666667,1.01830524614848,1.0436555498568,"SUB-Pardofelis_marmorata~DOM-Neofelis_genus","LONG"
"170",0.119228415336999,0.0313662360637118,0.0573445905607037,0.180111879397357,0.999980011535713,"Significant",0.586266666666667,0.319233333333333,1.02813349604605,0.995770326759787,"SUB-Cuon_alpinus~DOM-Rusa_unicolor","LONG"
"171",0.923350859929858,0.0873460036444794,0.760884712842761,1.10434199840333,1.00422074011958,"Significant",0.171866666666667,0.227133333333333,1.03371762939476,1.04740089356071,"SUB-Tapirus_indicus~DOM-Neofelis_genus","LONG"
"172",-0.155280296205438,0.136817432940494,-0.467963163029887,0.0730616329336409,0.999967570359358,"Non-Significant",0.669233333333333,0.3682,1.01378633894333,0.990645710044621,"SUB-Panthera_tigris~DOM-Sus_barbatus","LONG"
"173",0.485049642375586,0.891027728879173,-0.90836511835238,1.29370878710769,16.5928774040689,"Non-Significant",0.174633333333333,0.410333333333333,1.00918703777066,1.04614126529998,"SUB-Trichys_fasciculata~DOM-Neofelis_genus","LONG"
"174",-0.0529425583276788,0.0377135074456407,-0.129086356569015,0.0194188650070777,1.00002971538389,"Non-Significant",0.6703,0.1965,1.04229616606254,0.990482307679143,"SUB-Neofelis_genus~DOM-Sus_barbatus","LONG"
"175",0.297716159101012,0.868215753596151,-0.99033844623004,1.05801558705272,41.8544037099617,"Non-Significant",0.111066666666667,0.0417,1.06507414936668,1.06163868235547,"SUB-Ursus_thibetanus~DOM-Neofelis_genus","LONG"
"176",0.821543283958442,1.05150825568823,-0.78749589942045,1.77442563424557,18.9263072611087,"Non-Significant",0.122666666666667,0.272333333333333,1.02088473645667,1.05832683724159,"SUB-Atherurus_macrourus~DOM-Neofelis_genus","LONG"
"177",0.062338356958749,0.0274756497592299,0.00306931408121785,0.110998505286631,0.999993231444128,"Significant",0.1336,0.319166666666667,1.0280523193783,1.02686094712783,"SUB-Cuon_alpinus~DOM-Helarctos_malayanus","LONG"
"178",-0.242267272829284,0.209842451004959,-0.687085133119387,0.136057322201811,1.0005345033243,"Non-Significant",0.196766666666667,0.3788,1.0217384669369,1.04253371663795,"SUB-Manis_javanica~DOM-Neofelis_genus","LONG"
"179",0.560126186551138,1.70035791523246,-2.22857826562041,2.12952044494675,13.0247424097027,"Non-Significant",0.2105,0.2086,1.09832164937223,1.05472872082746,"SUB-Panthera_pardus~DOM-Arctonyx_collaris","LONG"
"180",0.130817455238045,0.0216093244905942,0.0882101879571448,0.172921609148806,1.0005254972374,"Significant",0.5852,0.365166666666667,1.01381008675655,0.99568450911287,"SUB-Panthera_tigris~DOM-Rusa_unicolor","LONG"
"181",0.100610381057933,0.0257546750769766,0.0499966353331617,0.1509293862076,1.00024903961569,"Significant",0.5485,0.3711,1.01340454158925,0.998564638211498,"SUB-Panthera_tigris~DOM-Sus_scrofa","LONG"
"182",1.22104763850374,0.161756690042165,0.903157086968922,1.53974287902562,1.00119311196986,"Significant",0.179733333333333,0.530133333333333,0.997634753970519,1.04596860660072,"SUB-Varanus_salvator~DOM-Neofelis_genus","LONG"
"183",0.125250930361469,0.0603856985648713,0.00383570354831668,0.242487793950792,1.00000813774227,"Significant",0.555566666666667,0.1902,1.09206431338979,0.998359685894221,"SUB-Panthera_pardus~DOM-Sus_scrofa","LONG"
"184",1.7131400495945,0.213321877386403,1.324222689196,2.18166422516591,1.00429372061061,"Significant",0.184966666666667,0.454,1.01867407641256,1.04444025166589,"SUB-Viverra_megaspila~DOM-Neofelis_genus","LONG"
"185",0.0695979628707845,0.0297257740031885,0.0105535704852526,0.126929451057411,1.00004010281942,"Significant",0.546833333333333,0.195433333333333,1.04264094590167,0.998561780281202,"SUB-Neofelis_genus~DOM-Sus_scrofa","LONG"
"186",1.2014555051965,0.205482857840653,0.815917001581433,1.61558805710363,1.00058450308464,"Significant",0.178033333333333,0.2926,1.06296225757891,1.04636496763116,"SUB-Viverricula_indica~DOM-Neofelis_genus","LONG"
"187",-0.0162155453428118,0.616065066928918,-0.863469035420037,0.853342746642458,13.0127998949153,"Non-Significant",0.153633333333333,0.303333333333333,1.01766211708851,1.05170139376045,"SUB-Bos_gaurus~DOM-Neofelis_genus","LONG"
"188",0.0504350228380591,0.034671351234834,-0.0198984199245046,0.11703081407552,1.00005625439263,"Non-Significant",0.550033333333333,0.3146,1.02860442338996,0.998525500143014,"SUB-Cuon_alpinus~DOM-Sus_scrofa","LONG"
"189",-0.0301723971705983,0.121562683643746,-0.285847219658687,0.194387800615791,1.00009532042312,"Non-Significant",0.193966666666667,0.3051,1.04863010419096,1.04223397991487,"SUB-Catopuma_temminckii~DOM-Neofelis_genus","LONG"
"190",-0.112470714783999,0.0755590915556048,-0.267466843897173,0.0304807215802996,1.00043703682818,"Non-Significant",0.213666666666667,0.3691,1.01352506563734,1.03252590454477,"SUB-Panthera_tigris~DOM-Tapirus_indicus","LONG"
"191",0.207733300697321,0.0987593162000687,0.00884998678961939,0.398814707300601,1.00020216471251,"Significant",0.1963,0.320533333333333,1.02788992024063,1.04228155708607,"SUB-Cuon_alpinus~DOM-Neofelis_genus","LONG"
"192",0.0743280259408098,0.0186921288298515,0.0391118446794717,0.111982414953738,1.0417770713083,"Significant",0.0167,0.387566666666667,1.01208694632434,1.0750981600391,"SUB-Panthera_tigris~DOM-Ursus_thibetanus","LONG"
"193",0.489653578221454,0.230477204153586,0.0665539412874306,0.979795612994149,1.00529144529546,"Significant",0.1936,0.428733333333333,1.02186672518478,1.04257541952118,"SUB-Diplogale_hosei~DOM-Neofelis_genus","LONG"
"194",0.111190227479736,0.0412877857407732,0.0307862487139879,0.192990361361956,1.00018373516411,"Significant",0.4479,0.200233333333333,1.04187305640375,1.00475636522237,"SUB-Neofelis_genus~DOM-Viverra_tangalunga","LONG"
"195",0.291519910050813,0.0919968695376926,0.128167062038162,0.487462103131335,1.00054100499242,"Significant",0.394466666666667,0.1949,1.04272696125563,1.01345744806957,"SUB-Neofelis_genus~DOM-Paguma_larvata","LONG"
"196",0.138676222983029,0.0379257329910839,0.0620730637589913,0.211006235931867,1.00050394937696,"Significant",0.3931,0.198133333333333,1.04162505256283,1.00923915964468,"SUB-Neofelis_genus~DOM-Viverra_zibetha","LONG"
"197",0.693606576958584,1.6609726793088,-2.0464368007607,2.23564786345327,12.9532912928181,"Non-Significant",0.381466666666667,0.2262,1.09414567945042,1.01492179191083,"SUB-Panthera_pardus~DOM-Paguma_larvata","LONG"
"198",0.0208201397900792,0.0435838886552047,-0.0656367779527227,0.104652360177142,0.999983664298729,"Non-Significant",0.256666666666667,0.370433333333333,1.01388281399963,1.02154086430462,"SUB-Panthera_tigris~DOM-Bos_gaurus","LONG"
"199",-0.173242998296372,0.112309803635097,-0.395501736202071,0.0448776996743376,1.00006019722577,"Non-Significant",0.170633333333333,0.370133333333333,1.01355110450777,1.04751051466934,"SUB-Panthera_tigris~DOM-Capricornis_genus","LONG"
"200",0.979060653637209,0.29128420031582,0.31323729042101,1.47499899892106,1.00499207333746,"Significant",0.383866666666667,0.3876,1.01176169373577,1.01468628034638,"SUB-Panthera_tigris~DOM-Paguma_larvata","LONG"
"201",0.904876937847823,0.080524194860212,0.751901268411898,1.06629057916551,1.10650183710475,"Significant",0.140733333333333,0.0263,1.08408084630507,1.05464466986428,"SUB-Martes_flavigula~DOM-Neofelis_genus","LONG"
"202",0.520043654037699,0.120935618812857,0.26441499692799,0.742226661667538,1.00425037698777,"Significant",0.222466666666667,0.202666666666667,1.04156316018519,1.05133381862754,"SUB-Neofelis_genus~DOM-Arctonyx_collaris","LONG"
"203",0.441730043761827,0.118790202990593,0.214089606413055,0.68126674599444,1.00005034230551,"Significant",0.307166666666667,0.202566666666667,1.041413425918,1.03007120199087,"SUB-Neofelis_genus~DOM-Herpestes_brachyurus","LONG"
"204",-0.0114459908657006,0.477651042732489,-1.07702417788665,0.796138891563141,1.0002745462197,"Non-Significant",0.398133333333333,0.317366666666667,1.02901576951026,1.01305211779929,"SUB-Cuon_alpinus~DOM-Paguma_larvata","LONG"
"205",0.186185541118678,0.077072241758606,0.0321213375800109,0.334301265048112,1.00032963257296,"Significant",0.174433333333333,0.193133333333333,1.04258780800451,1.04708145750507,"SUB-Neofelis_genus~DOM-Capricornis_genus","LONG"
"206",-0.0362123561050176,0.0824481817328099,-0.204281159966841,0.119717391283534,1.00007124779503,"Non-Significant",0.1746,0.3203,1.02852414538613,1.04685369343909,"SUB-Cuon_alpinus~DOM-Capricornis_genus","LONG"
"207",-0.031640989055773,0.0583784361750534,-0.150861440791828,0.0821336162433756,1.00024705918926,"Non-Significant",0.1907,0.136466666666667,1.02661827570156,1.09254362707913,"SUB-Helarctos_malayanus~DOM-Panthera_pardus","LONG"
"208",0.220029496218249,0.305232010317042,-0.389677970751789,0.828908879502747,1.00017883677558,"Non-Significant",0.187966666666667,0.6132,0.99221301079797,1.09290074012706,"SUB-Hemigalus_derbyanus~DOM-Panthera_pardus","LONG"
"209",0.498587690947936,0.89869034739569,-0.880113189279552,1.29662775890383,19.6968124331777,"Non-Significant",0.177166666666667,0.367466666666667,1.00777801061999,1.05408295841574,"SUB-Rusa_unicolor~DOM-Cuon_alpinus","LONG"
"210",0.496555875166701,0.299302402727453,-0.121280961288643,1.06358808164462,1.00077274665938,"Non-Significant",0.189133333333333,0.304133333333333,1.03085331377718,1.09316696507966,"SUB-Herpestes_brachyurus~DOM-Panthera_pardus","LONG"
"211",-0.052405720969393,0.0833523306319264,-0.231631541270445,0.0977159442945253,1.0000191245135,"Non-Significant",0.189933333333333,0.2588,1.03247258240713,1.09287281071521,"SUB-Herpestes_urva~DOM-Panthera_pardus","LONG"
"212",0.509783552407694,0.0370572281461867,0.438006880203283,0.583060430014298,1.00235432302231,"Significant",0.2279,0.2983,1.00699868114786,1.04212084647762,"SUB-Sus_scrofa~DOM-Cuon_alpinus","LONG"
"213",0.355557916094676,0.665988914951285,-0.733209885901171,1.04221902233042,10.2268692981455,"Non-Significant",0.286166666666667,0.189333333333333,1.04690410722836,1.03229039082952,"SUB-Capricornis_genus~DOM-Cuon_alpinus","LONG"
"214",-0.440057347873847,0.506170767777522,-1.65003838727664,0.290486457719955,1.00597885963077,"Non-Significant",0.190966666666667,0.380866666666667,1.02137672477094,1.09185370298797,"SUB-Manis_javanica~DOM-Panthera_pardus","LONG"
"215",-0.0154219856468015,0.0736747704389169,-0.170096354253325,0.122283740216934,1.00000797342728,"Non-Significant",0.1902,0.0251,1.08123833925961,1.09289896471807,"SUB-Martes_flavigula~DOM-Panthera_pardus","LONG"
"216",0.54591982834698,0.0443249723128704,0.459415968541446,0.631936488428858,1.02696734600027,"Significant",0.234266666666667,0.264566666666667,1.0079774172483,1.04037664636055,"SUB-Muntiacus_genus~DOM-Cuon_alpinus","LONG"
"217",-0.0650156022949665,0.0859630470777218,-0.247888974069923,0.0897455980692836,1.00003471707146,"Non-Significant",0.183966666666667,0.1936,1.04280764825353,1.09352268747274,"SUB-Neofelis_genus~DOM-Panthera_pardus","LONG"
"218",0.0948584889675831,0.144035607256969,-0.223143650410859,0.34871043243558,1.00021646344314,"Non-Significant",0.1897,0.391366666666667,1.01379596945135,1.09241847320139,"SUB-Paguma_larvata~DOM-Panthera_pardus","LONG"
"219",0.347623859391771,0.153688943831587,0.0769325053658649,0.700185142829442,1.00135767845494,"Significant",0.186133333333333,0.368566666666667,1.01359142845721,1.09088432918592,"SUB-Panthera_tigris~DOM-Panthera_pardus","LONG"
"220",0.518858824527013,1.09382239836922,-0.663147639608761,3.19908791924148,1.02580342985627,"Non-Significant",0.2968,0.193833333333333,1.09308793824988,1.03222917829889,"SUB-Panthera_pardus~DOM-Herpestes_brachyurus","LONG"
"221",0.200372839817949,0.170773557412765,-0.111540678280807,0.557986338941732,1.00076112163293,"Non-Significant",0.5169,0.186133333333333,1.09401452478301,0.9994041511122,"SUB-Panthera_pardus~DOM-Macaca_arctoides","LONG"
"222",0.875310045030138,0.0753042610897103,0.72878862019772,1.02480028082772,1.00131945631741,"Significant",0.137166666666667,0.4093,1.00718434772865,1.05558930019473,"SUB-Paradoxurus_hermaphroditus~DOM-Neofelis_genus","LONG"
"223",1.6841567252718,0.412864319820147,1.08408740996,2.33498913135573,8.14295302797906,"Significant",0.2242,0.281133333333333,1.01529499848252,1.08438290998173,"SUB-Argusianus_argus~DOM-Panthera_pardus","LONG"
"224",-0.266022479885705,0.227104441066955,-0.784201420958619,0.106159370668239,1.00198055149207,"Non-Significant",0.193466666666667,0.3796,1.00925226540959,1.09143895161606,"SUB-Paradoxurus_hermaphroditus~DOM-Panthera_pardus","LONG"
"225",-0.165267522294671,0.230781640073937,-0.707190068578203,0.199255585371994,1.00160609583846,"Non-Significant",0.189866666666667,0.4512,1.01365670904461,1.09300543557507,"SUB-Pardofelis_marmorata~DOM-Panthera_pardus","LONG"
"226",-0.199046044824765,0.203279030888819,-0.683403874358082,0.107703306107382,0.999977691181972,"Non-Significant",0.188033333333333,0.5811,0.995914074999538,1.09241252740948,"SUB-Rusa_unicolor~DOM-Panthera_pardus","LONG"
"227",0.169650365538685,0.0378635574637862,0.100607842442352,0.249080743965362,1.00215017424605,"Significant",0.1743,0.0141333333333333,1.0777237997208,1.0969483148834,"SUB-Ursus_thibetanus~DOM-Panthera_pardus","LONG"
"228",-0.0297139848542343,0.215937303078196,-0.310191599984717,0.330126273223554,5.899814675176,"Non-Significant",0.177733333333333,0.217066666666667,1.02430746859271,1.09746630297972,"SUB-Atherurus_macrourus~DOM-Panthera_pardus","LONG"
"229",-1.23741552553677,0.587222171328485,-2.5353829750256,-0.266716775389407,1.00097432559543,"Significant",0.1899,0.543233333333333,0.9964956878998,1.09224807860394,"SUB-Varanus_salvator~DOM-Panthera_pardus","LONG"
"230",-0.254487491360652,0.55618715210221,-1.67552687925223,0.461392621485678,1.00019309778101,"Non-Significant",0.19,0.421266666666667,1.02506113576929,1.09177568587764,"SUB-Viverra_megaspila~DOM-Panthera_pardus","LONG"
"231",-0.0128765706342323,0.0537219362414732,-0.119404490685779,0.0928037515195672,1.00027815491151,"Non-Significant",0.1914,0.381766666666667,1.01008565414459,1.09171719004875,"SUB-Viverra_zibetha~DOM-Panthera_pardus","LONG"
"232",0.385624349160408,0.103326139651241,0.19102030816662,0.595268796549031,1.00005430241707,"Significant",0.1964,0.2514,1.02164362363083,1.08933024997602,"SUB-Bos_gaurus~DOM-Panthera_pardus","LONG"
"233",0.167200640821073,0.128337115442852,-0.0787511873604417,0.42413523140416,1.00010479661964,"Non-Significant",0.530933333333333,0.197766666666667,1.04202485473648,0.997592194978056,"SUB-Neofelis_genus~DOM-Macaca_arctoides","LONG"
"234",0.0982241362179879,1.86578977420364,-3.64340499984741,2.81929030682869,1.00272971726849,"Non-Significant",0.3068,0.367766666666667,1.01357047508066,1.03082489809376,"SUB-Panthera_tigris~DOM-Herpestes_brachyurus","LONG"
"235",0.643614843932961,0.0654131994325941,0.518950634153499,0.776625542807187,1.00066105203262,"Significant",0.1624,0.4477,1.00418518529617,1.04988416469757,"SUB-Prionailurus_bengalensis~DOM-Neofelis_genus","LONG"
"236",-0.0596671960047187,0.0623899599112662,-0.192288610520343,0.0533792615586905,1.00006446100432,"Non-Significant",0.19,0.173333333333333,1.04699636088771,1.09384583033836,"SUB-Capricornis_genus~DOM-Panthera_pardus","LONG"
"237",-0.416443744207962,0.221890303029276,-0.929296347034541,-0.0694779590758971,1.00037170931115,"Significant",0.188866666666667,0.314266666666667,1.04813701625745,1.09260502597346,"SUB-Catopuma_temminckii~DOM-Panthera_pardus","LONG"
"238",0.0350590007827364,0.0668833430863944,-0.100098694999413,0.167175636834734,0.999986881644689,"Non-Significant",0.1859,0.3153,1.0286239747048,1.09343372285786,"SUB-Cuon_alpinus~DOM-Panthera_pardus","LONG"
"239",0.41521091008713,0.0747164232670185,0.277626514095395,0.569856259703995,1.00058571215396,"Significant",0.382833333333333,0.237533333333333,1.04652532077952,1.0122665168581,"SUB-Arctictis_binturong~DOM-Panthera_tigris","LONG"
"240",0.522433403129353,0.133343631262516,0.27151669693394,0.789993768904954,1.00123471446734,"Significant",0.3725,0.606766666666667,0.992850313738302,1.01339244490924,"SUB-Hemigalus_derbyanus~DOM-Panthera_tigris","LONG"
"241",-1.24860067677625,1.20729754204653,-4.1980672748038,0.468415433164294,0.999972770906517,"Non-Significant",0.364466666666667,0.305533333333333,1.03085374730003,1.01413607443007,"SUB-Herpestes_brachyurus~DOM-Panthera_tigris","LONG"
"242",-0.104144504262983,0.0723967018974359,-0.252428434289561,0.0312697819887254,1.00026349374423,"Non-Significant",0.3669,0.257566666666667,1.03293737450545,1.01402367302269,"SUB-Herpestes_urva~DOM-Panthera_tigris","LONG"
"243",-0.282523275590284,1.04398793098318,-1.17096386017215,1.28528282626559,30.302407949777,"Non-Significant",0.350233333333333,0.156866666666667,1.03409511019722,1.01663056913385,"SUB-Lophura_diardi~DOM-Panthera_tigris","LONG"
"244",-0.401243966737504,0.211034172043989,-0.849548366764927,-0.0317663820879899,1.00048150448102,"Significant",0.364533333333333,0.268933333333333,1.04057823068785,1.01398994086302,"SUB-Lophura_nycthemera~DOM-Panthera_tigris","LONG"
"245",-0.0881391360867125,0.0703805676435582,-0.222283877148913,0.0616944956421039,1.00551161112023,"Non-Significant",0.358566666666667,0.232566666666667,1.04905542579233,1.01480279075933,"SUB-Arctonyx_collaris~DOM-Panthera_tigris","LONG"
"246",-0.00368314057836163,0.0464706562689578,-0.101688664252072,0.0804066111324861,1.0000909319761,"Non-Significant",0.347733333333333,0.199566666666667,1.0423320532773,1.01373445471695,"SUB-Neofelis_genus~DOM-Hystrix_crassispinis","LONG"
"247",-0.654465093303173,0.99017775774337,-1.78140269870594,0.872822561031445,9.02752453286592,"Non-Significant",0.404266666666667,0.226033333333333,1.08991696750144,1.0070793043663,"SUB-Panthera_pardus~DOM-Macaca_fascicularis","LONG"
"248",-0.389074903665117,0.878715798243329,-1.12230699422866,0.949879087511085,22.6752462266511,"Non-Significant",0.0813666666666667,0.508666666666667,0.999746244335863,1.07056321938468,"SUB-Tragulus_genus~DOM-Neofelis_genus","LONG"
"249",0.0805622564379596,0.109213494411046,-0.16451175207197,0.286396372697594,1.00044040131265,"Non-Significant",0.368566666666667,0.539366666666667,0.997210921757082,1.01349582581913,"SUB-Macaca_arctoides~DOM-Panthera_tigris","LONG"
"250",-0.513331134705421,0.375096090634911,-1.34035197780466,0.128731352109601,1.00066743150909,"Non-Significant",0.3695,0.389266666666667,1.00826973840373,1.01395339064945,"SUB-Macaca_fascicularis~DOM-Panthera_tigris","LONG"
"251",-0.0822276158286042,0.030934038961459,-0.148736066533374,-0.0287822599810427,1.00085477616751,"Significant",0.335766666666667,0.395566666666667,1.00325954352006,1.01723185086409,"SUB-Macaca_nemestrina~DOM-Panthera_tigris","LONG"
"252",-0.592689962353573,0.29319963017632,-1.24645253167136,-0.0991691995500475,1.00027537476538,"Significant",0.364766666666667,0.386466666666667,1.02099971200763,1.01414379476755,"SUB-Manis_javanica~DOM-Panthera_tigris","LONG"
"253",0.248453289687075,0.0740577264060292,0.114806419150931,0.404158261601018,1.0004682085818,"Significant",0.364466666666667,0.0260666666666667,1.08058055343496,1.01413683842202,"SUB-Martes_flavigula~DOM-Panthera_tigris","LONG"
"254",-0.17550005995873,0.0727165991766764,-0.330047227076219,-0.0476265146336965,1.00227602368403,"Significant",0.363,0.195066666666667,1.04289293827056,1.01420553073754,"SUB-Neofelis_genus~DOM-Panthera_tigris","LONG"
"255",0.373458493942755,0.173795901417577,0.0659541800506603,0.74049287400015,1.0013059623637,"Significant",0.374933333333333,0.392266666666667,1.01355452517964,1.01315005945712,"SUB-Paguma_larvata~DOM-Panthera_tigris","LONG"
"256",1.22466231427796,0.209745488614253,0.843360062252468,1.64863474486903,1.01768335995086,"Significant",0.3311,0.1938,1.10231969999268,1.01755891537502,"SUB-Panthera_pardus~DOM-Panthera_tigris","LONG"
"257",-0.715083444898574,1.02127503867971,-1.6432316965228,0.799009263057414,18.4201061360763,"Non-Significant",0.3403,0.409133333333333,1.00641515231276,1.01672976429783,"SUB-Argusianus_argus~DOM-Panthera_tigris","LONG"
"258",0.00320061816463417,0.0599007132877032,-0.116115832308954,0.119952251542935,1.00012347841339,"Non-Significant",0.366266666666667,0.380666666666667,1.00918714156672,1.0139135105817,"SUB-Paradoxurus_hermaphroditus~DOM-Panthera_tigris","LONG"
