"landscape","total trap nights","number of sampling units","number of 5km polygons","number of single-season surveys","sampling duration","start date","end date","number of data providers","Xmin","Xmax","Ymin","Ymax","mean forest integrity","mean human footprint","mean elevation","total area sampled km2","number of deployments","were tigers detected","were leopards detected","were dholes detected","were clouded leopards detected"
"Laos_Nakai_Nam_Theun_PA",4868,86,81,4,434,2006-03-15,2007-05-23,1,105.108282,105.716814,17.6013145,18.381953,9.264,3.552,866.69,405,200,"no","no","no","no"
"Laos_Nam_Kading_National_PA",20790,263,39,11,1909,2009-11-11,2015-02-02,1,104.029288,104.293906,18.283376,18.53756,9.092,3.929,657.031,195,396,"no","no","yes","no"
"P_Malaysia_Pasoh_FR",25320,273,34,13,3383,2013-05-29,2022-09-02,3,102.278614800266,102.365361599921,2.95306870701146,3.13090520037145,4.091,5.741,303.534,170,425,"no","yes","no","yes"
"P_Malaysia_Ulu_Muda_FR",14423,157,30,7,629,2014-11-01,2016-07-22,1,100.942769,101.0593365,6.05469198,6.1444409985,9.428,3.298,310.644,150,444,"no","yes","no","yes"
"Sabah_Danum_Valley_CA",9066,124,22,10,2569,2013-05-23,2020-06-04,2,117.615885,117.84247,4.93209259259259,5.11969,9.14,8.348,255.636,110,385,"no","no","no","yes"
"Sabah_Maliau",4169,43,16,4,377,2010-01-10,2011-01-22,1,116.87161,116.98071,4.67844,4.75537,9.111,3.953,590.076,80,66,"no","no","no","yes"
"Sabah_Ulu_Padas",1111,14,9,2,144,2011-12-10,2012-05-02,1,115.66657,115.742365,4.26738,4.4471,9.444,3.161,1328.839,45,27,"no","no","no","yes"
"Sarawak_Bako_Santubong_NPs",4670,49,9,13,1867,2012-02-17,2017-03-29,1,110.19103,110.29499,1.422695,1.47778666666667,1.726,17.008,22.167,45,125,"no","no","no","no"
"Sarawak_Baleh_NP",5163,57,17,4,367,2015-05-16,2016-05-17,1,113.45683,114.29667,1.30477,1.374145,9.966,1.316,819.72,85,95,"no","no","no","no"
"Sarawak_Baram_Lanjak_Entimau_NPs",1689,18,10,4,5517,2003-05-08,2018-06-15,1,112.05785,112.21904,1.29801,1.41875,9.909,2.958,384.734,50,36,"no","no","no","yes"
"Sarawak_Hose_mtns",712,8,8,1,89,2012-02-23,2012-05-22,1,113.64291,113.70921,2.21645,2.24956,7.312,2,987.229,40,18,"no","no","no","yes"
"Sarawak_Kapit_FMU",10488,107,32,5,1319,2015-01-01,2018-08-12,1,112.861,112.943,1.773,1.90133333333333,3.636,2,366.143,160,244,"no","no","no","yes"
"Sarawak_Kubah_Kuching_Wetland_Sama_Jaya_NPs",693,7,4,2,199,2015-09-18,2016-04-04,1,110.011534,110.232803333333,1.31331,1.36409615384615,3.495,15.709,43.946,20,41,"no","no","no","no"
"Sarawak_Lambir_Hills_NP",1103,19,15,3,4894,2004-02-12,2017-07-07,2,113.987191142857,114.0490595,4.115075,4.2315,3.248,7.587,122.308,75,78,"no","no","no","yes"
"Sarawak_Lanjak_Entimau_WS",16422,168,13,19,1869,2016-10-01,2021-11-13,1,111.96819,112.025526,1.37817833333333,1.466645,8.543,4.453,536.869,65,1544,"no","no","no","yes"
"Sarawak_Loagan_Bunut_NP",2339,25,7,5,465,2015-09-08,2016-12-16,1,114.13078,114.156713333333,3.435775,3.4778,3.554,2.4,69.71,35,62,"no","no","no","no"
"Sarawak_Maludam_Ulu_Sebuyau_Gunung_Lesung_NPs",1869,21,10,4,4632,2004-06-17,2017-02-21,1,111.00546,111.10111,1.15631,1.260505,1.436,7.988,53.455,50,42,"no","no","no","yes"
"Sarawak_Mount_Penrissen",1782,18,3,6,599,2015-07-24,2017-03-14,1,110.128456363636,110.13687,1.0693,1.08206833333333,1.141,11,234.259,15,104,"no","no","no","no"
"Sarawak_Mulu",1461,15,9,2,195,2010-05-26,2010-12-07,1,114.84992,114.90267,4.03878,4.166515,9.272,1,328.622,45,28,"no","no","no","yes"
"Sarawak_Pasin_FMU",1188,12,3,4,399,2019-06-18,2020-07-21,1,112.470446,112.480455,1.448895,1.45462,9.996,0.297,389.069,15,49,"no","no","no","yes"
"Sarawak_Pelagus_NP",3325,35,12,7,654,2014-05-07,2016-02-20,1,113.0162,113.124463333333,2.10121,2.196955,7.449,3.813,148.984,60,95,"no","no","no","no"
"Sarawak_Pulong_Tau",1716,20,7,3,255,2010-06-07,2011-02-17,1,115.452935,115.53435,3.782605,3.859,9.727,4.404,1389.517,35,38,"no","no","no","yes"
"Sarawak_Samunsam_GPueh_GGading_NPs",2379,26,11,6,2305,2013-07-02,2019-10-24,1,109.35578,109.5035,1.41982666666667,1.58370666666667,2.216,11.708,11.247,55,65,"no","no","no","yes"
"Sarawak_Similajau_NP",1089,11,4,3,299,2016-05-11,2017-03-06,1,113.08114,113.11649,3.19485,3.24837666666667,0.194,27.992,33.969,20,21,"no","no","no","no"
"Sarawak_Sungai_Meluang_NP",297,3,3,1,99,2016-05-17,2016-08-24,1,113.48819,113.50238,3.18068666666667,3.2083,0.837,2,20.489,15,8,"no","no","no","no"
"Sarawak_Ulu_Baram",5643,57,23,7,1751,2012-03-13,2016-12-28,2,115.118475,115.9053,3.10206506666667,3.9692,7.929,3.082,805.825,115,93,"no","no","no","yes"
"Sarawak_Ulu_Trusan",970,10,10,1,97,2012-01-05,2012-04-11,1,115.43318,115.51428,4.340605,4.44311,7.706,3.875,773.129,50,18,"no","no","no","no"
"Sarawak_Wilmar_Oil_Palm_Plantation",9450,98,34,7,2342,2013-09-08,2020-02-06,1,113.33907,113.8374,3.270075,3.6239,1.13,7.651,44.171,170,178,"no","no","no","no"
"Singapore",9753,133,43,8,1454,2018-12-26,2022-12-19,1,103.677,103.982317,1.259045,1.45752,0.661,48.843,34.356,215,341,"no","no","no","no"
"Sumatra_Bukit_Barisan_Selatan_NP",20724,301,90,14,2699,2010-04-08,2017-08-28,2,104.00719,104.53460127,-5.71968055,-5.09662,9.005,7.31,181.697,450,508,"yes","no","yes","yes"
"Sumatra_Gunung_Leuser_NP",5016,56,44,2,155,2013-12-18,2014-05-22,1,97.98501402,98.11821403,3.510438027,3.987576021,7.905,5.824,315.817,220,86,"yes","no","no","yes"
"Sumatra_Kerinci_Seblat_NP",8658,90,46,3,237,2014-02-10,2014-10-05,1,101.26019,101.588653333333,-1.69529,-1.38184,5.465,8.044,599.665,230,163,"yes","no","yes","yes"
"Thailand_Huai_Kha_Khaeng_WS",3716,43,35,2,188,2010-10-14,2011-04-20,1,99.14983,99.35203,15.20906,15.6977233333333,9.72,4.558,375.377,175,121,"yes","yes","yes","no"
"Thailand_Khao_Banthat_WS",1408,16,16,1,88,2018-02-01,2018-04-30,1,99.77282904,99.839724708,7.4776833057,7.57814065566667,7.907,10.405,509.043,80,76,"no","no","no","no"
"Thailand_Khao_Laem_NP",11435,143,76,4,506,2020-10-23,2022-03-13,1,98.3227691138228,98.7358212988641,14.8398741589861,15.1459980104066,9.602,3.467,624.35,380,260,"yes","yes","yes","yes"
"Thailand_Khlong_Saeng_WS",5659,77,40,4,465,2016-02-20,2017-05-30,1,98.4600572891486,98.7846934217108,8.94409176921037,9.23180334405332,9.543,4.182,337.691,200,77,"no","no","no","yes"
"Thailand_Thai_E_FC_Center",67509,723,168,37,3233,2008-03-28,2017-02-02,2,101.851481531955,102.37873114726,13.9745714181311,14.4729996068898,8.224,5.105,485.468,840,2345,"yes","no","yes","yes"
"Thailand_Thai_E_FC_East",24849,268,120,23,2640,2009-10-28,2017-01-19,3,102.414781231624,103.087160736074,14.05003,14.3200038740295,9.169,6.204,332.452,600,642,"yes","no","yes","yes"
"Thailand_Thai_E_FC_West",18892,217,110,14,3562,2009-12-24,2019-09-25,3,101.174348126371,101.888567541169,14.1764904064438,14.5463633139188,8.575,5.737,621.694,550,454,"no","no","yes","yes"
"Vietnam_Kon_Plong",13355,170,118,3,279,2019-04-09,2020-01-13,1,108.147901,108.5373167,14.5597802375,14.99748421,7.56,5.061,1176.58,590,319,"no","no","no","no"
"Xishuangbanna_Bulong_Reserve",3768,40,15,3,283,2014-03-04,2014-12-12,1,100.2416389,100.5232213,21.50171389,21.61358,7.862,7.037,1374.268,75,83,"no","no","no","no"
"Xishuangbanna_Mengao_Subreserve",396,4,4,1,99,2015-07-03,2015-10-10,1,100.29348195,100.3530764,22.06400278,22.09437037,8.832,7.208,1354.944,20,11,"no","no","no","no"
"Xishuangbanna_Mengla_Subreserve",1323,21,12,2,115,2015-06-25,2015-10-18,1,101.4078361,101.53275,21.645541665,21.7834398166667,9.573,5.28,1323.923,60,54,"no","no","yes","no"
"Xishuangbanna_Menglun_Subreserve",243,3,3,1,81,2015-07-17,2015-10-06,1,101.289842857143,101.2981,21.904,21.911,7.643,7.81,792.964,15,10,"no","no","no","no"
"Xishuangbanna_Nabanhe_National_Reserve",1007,13,9,2,129,2014-04-08,2014-08-15,1,100.62806,100.69889,22.20361111,22.262595,9.781,7.571,1061.976,45,28,"no","no","no","no"
